run_id,cwtropics,Bt_eq
0,26.953751362729808,0.00398260044963611
1,47.887044274872196,0.0012294704502116547
2,73.87538861723249,0.0029908819075632497
3,9.486078566836515,0.006897854065469057
4,14.657827138606157,0.004004795423780189
5,70.11566660793558,0.002332397758318697
6,54.88956700436897,0.005658730692157561
7,60.26914217163283,0.005018236607845227
8,36.85418363412,0.005926344437389047
9,34.12486612566891,0.0018480614840786008
