run_id,cwtropics,Bt_eq
0,48.224510640010486,0.0032243772875355722
1,13.331170206067599,0.0041447045783390545
2,26.235771130941277,0.004704548527099165
3,63.59140352971348,0.0017567246236676343
4,66.42030583797057,0.006290493744979322
